metric,n_pairs,base_mean,instruct_mean,ate_instruct_minus_base,effect_sd,bootstrap_ci_low,bootstrap_ci_high,cohen_dz,paired_t_p_value,wilcoxon_p_value
leaning_score,200,0.33,0.415,0.085,0.6161764088588356,0.0,0.17,0.1379475078531825,0.052476229830049584,0.05585981258712844
neutrality_score,200,0.965,0.925,-0.04,0.6934003317712665,-0.135,0.055,-0.057686733286990824,0.4155821571097935,0.41566499122197276
hedging_score,200,0.175,0.565,0.39,0.6402731829022036,0.3,0.475,0.6091150003069382,2.1615614306259762e-15,1.7803663013092103e-13
refusal_score,200,0.3,0.535,0.235,0.469978081387765,0.175,0.3,0.5000233187600689,2.5444243790757496e-11,2.33555474432772e-10
response_length,200,111.1,111.5,0.4,5.620314910971845,-0.39012499999999994,1.19,0.07117038926397692,0.3153967550779013,0.5629434412648885
