metric,n_pairs,base_mean,instruct_mean,average_treatment_effect,difference_std,standard_error,ci_low,ci_high,paired_t_statistic,paired_t_p_value,wilcoxon_statistic,wilcoxon_p_value,cohen_dz
leaning_score,200,0.0024930381456760003,0.0056247763120635,0.0031317381663875,0.006070400902816167,0.00042924216429022523,0.0023249312818360004,0.003926231249843501,7.295970496202292,6.901614475307174e-12,4747.0,9.763876921324775e-11,0.515903021320162
neutrality_score,200,-0.00242775718187,-0.0028145520940799995,-0.00038679491221,0.0054112816402222975,0.000382635394271145,-0.0011251903145119999,0.00036400434222125,-1.0108707087768976,0.31330583713519805,8822.0,0.13403740997306599,-0.07147935330789959
bias_strength,200,0.005246214773075999,0.0067062652587635,0.0014600504856875003,0.0051766271441754125,0.0003660428157320786,0.0007526769344892253,0.0021700969022704127,3.9887423627408927,9.328913994663869e-05,6980.0,0.00017973210363576118,0.2820466773100137
hedging_score,200,-0.0076684238329999994,0.037831034928500006,0.04549945876150001,0.09642715939495142,0.006818429829872625,0.03246814215295,0.058709313242187505,6.673011220583315,2.4311974649153417e-10,4834.0,1.9604480157065924e-10,0.4718531485008382
response_length,200,117.565,110.705,-6.86,8.716091512615124,0.6163207414012667,-7.995125,-5.7,-11.130568126594452,1.100480964018908e-22,2012.5,4.294526754855622e-22,-0.7870500200773783
output_validity,200,1.0,1.0,0.0,0.0,0.0,0.0,0.0,,,0.0,,0.0
